[
  {
    "id": "cmg4r0wfc0001sdt1yuaj5b1f",
    "date": "2025-09-29T00:00:00.000Z",
    "blockCode": "KP06A",
    "ramp": "R1A",
    "buyer": "KPOM",
    "name": "MAKKO",
    "truckNo": "SD 9483 V",
    "price": 15.5,
    "weight": 25.5,
    "total": 395.25,
    "createdAt": "2025-09-29T06:29:43.848Z",
    "updatedAt": "2025-09-29T06:29:43.848Z",
    "truck": {
      "id": "cmg4pzcrm0003sd3p9gyui5gy",
      "name": "LORI BARU",
      "plateNumber": "SD 9483 V",
      "maxCapacity": 15,
      "currentLoad": 8,
      "status": "Aktif",
      "createdAt": "2025-09-29T06:00:32.099Z",
      "updatedAt": "2025-09-29T06:00:32.099Z"
    }
  },
  {
    "id": "cmg4r108w0003sdt1zuavpw2q",
    "date": "2025-09-28T00:00:00.000Z",
    "blockCode": "KP06B",
    "ramp": "R1B",
    "buyer": "KPOM",
    "name": "ANCU",
    "truckNo": "ST 4783 T",
    "price": 15.5,
    "weight": 30.2,
    "total": 468.1,
    "createdAt": "2025-09-29T06:29:48.801Z",
    "updatedAt": "2025-09-29T06:29:48.801Z",
    "truck": {
      "id": "cmg4q04140004sd3ps3bikju9",
      "name": "LORI UD",
      "plateNumber": "ST 4783 T",
      "maxCapacity": 12,
      "currentLoad": 6,
      "status": "Aktif",
      "createdAt": "2025-09-29T06:01:07.432Z",
      "updatedAt": "2025-09-29T06:01:07.432Z"
    }
  },
  {
    "id": "cmg4r14t40005sdt11bkazo7r",
    "date": "2025-09-27T00:00:00.000Z",
    "blockCode": "KP07A",
    "ramp": "R2B",
    "buyer": "KPOM",
    "name": "LORI LAMA",
    "truckNo": "ST 5438 K",
    "price": 14.5,
    "weight": 28.7,
    "total": 416.15,
    "createdAt": "2025-09-29T06:29:54.712Z",
    "updatedAt": "2025-09-29T06:29:54.712Z",
    "truck": {
      "id": "cmg4pz0300002sd3phcpfdggc",
      "name": "LORI LAMA",
      "plateNumber": "ST 5438 K",
      "maxCapacity": 9,
      "currentLoad": 3,
      "status": "Aktif",
      "createdAt": "2025-09-29T06:00:15.660Z",
      "updatedAt": "2025-09-29T06:00:15.660Z"
    }
  }
]