[
  {
    "id": "cmg4q3jtr000dsd3p2b081tyo",
    "name": "KECIL",
    "residence": "KG SUNGAI MUKANDOT LUASONG, TAWAU ",
    "origin": "Malaysia",
    "phone": "0193124397, 01133966253",
    "status": "Aktif",
    "createdAt": "2025-09-29T06:03:47.871Z",
    "updatedAt": "2025-09-29T06:04:04.436Z",
    "truckId": "cmg4q18v00005sd3p5bez6tlj",
    "truck": {
      "id": "cmg4q18v00005sd3p5bez6tlj",
      "name": "ISUZU NPR66",
      "plateNumber": "ST 9483 V",
      "maxCapacity": 9,
      "currentLoad": 3,
      "status": "Aktif",
      "createdAt": "2025-09-29T06:02:00.348Z",
      "updatedAt": "2025-09-29T06:02:00.348Z"
    }
  },
  {
    "id": "cmg4q35y6000bsd3p0tqor615",
    "name": "LORI ARUAH",
    "residence": "BT.8",
    "origin": "Indonesia",
    "phone": "014-310 8917",
    "status": "Aktif",
    "createdAt": "2025-09-29T06:03:29.887Z",
    "updatedAt": "2025-09-29T06:04:11.211Z",
    "truckId": "cmg4pxnr80000sd3pifze05m1",
    "truck": {
      "id": "cmg4pxnr80000sd3pifze05m1",
      "name": "LORI ARUAH",
      "plateNumber": "ST 3404 K",
      "maxCapacity": 9,
      "currentLoad": 3,
      "status": "Aktif",
      "createdAt": "2025-09-29T05:59:13.029Z",
      "updatedAt": "2025-09-29T05:59:13.029Z"
    }
  },
  {
    "id": "cmg4q2r650009sd3p82sl6rdw",
    "name": "ANCU",
    "residence": "KAPILIT",
    "origin": "Indonesia",
    "phone": "+60 14-694 8275",
    "status": "Aktif",
    "createdAt": "2025-09-29T06:03:10.733Z",
    "updatedAt": "2025-09-29T06:04:17.296Z",
    "truckId": "cmg4q04140004sd3ps3bikju9",
    "truck": {
      "id": "cmg4q04140004sd3ps3bikju9",
      "name": "LORI UD",
      "plateNumber": "ST 4783 T",
      "maxCapacity": 12,
      "currentLoad": 6,
      "status": "Aktif",
      "createdAt": "2025-09-29T06:01:07.432Z",
      "updatedAt": "2025-09-29T06:01:07.432Z"
    }
  },
  {
    "id": "cmg4q26b70007sd3pshlo9n6o",
    "name": "MAKKO",
    "residence": "BT.8",
    "origin": "Indonesia",
    "phone": "+60 16-253 7622",
    "status": "Aktif",
    "createdAt": "2025-09-29T06:02:43.699Z",
    "updatedAt": "2025-09-29T06:04:24.284Z",
    "truckId": "cmg4pzcrm0003sd3p9gyui5gy",
    "truck": {
      "id": "cmg4pzcrm0003sd3p9gyui5gy",
      "name": "LORI BARU",
      "plateNumber": "SD 9483 V",
      "maxCapacity": 15,
      "currentLoad": 8,
      "status": "Aktif",
      "createdAt": "2025-09-29T06:00:32.099Z",
      "updatedAt": "2025-09-29T06:00:32.099Z"
    }
  }
]